"ID","COMPLEXITY","NAME","N TERMINUS","SEQUENCE","C TERMINUS","SYNTHESIS TYPE","TARGET GROUP","TARGET OBJECT"
"837","Monomer","","C12","KLlK","AMD","Synthetic","Gram+    Gram-    Fungus    Mammalian Cell","Lipid Bilayer"
"858","Monomer","","C12","KAaK","AMD","Synthetic","Gram+    Gram-    Fungus    Mammalian Cell","Lipid Bilayer"
"6200","Monomer","","C12","KLLK","","Synthetic","Gram+    Gram-","Lipid Bilayer"
"7319","Monomer","LP9","C12","XX","AMD","Synthetic","Gram+    Gram-    Fungus    Mammalian Cell","Lipid Bilayer"
"7340","Monomer","LP15","C12","XXX","AMD","Synthetic","Gram+    Gram-    Fungus    Mammalian Cell","Lipid Bilayer"
"7346","Monomer","LP21","C12","XXXX","AMD","Synthetic","Gram+    Gram-    Fungus    Mammalian Cell","Lipid Bilayer"
"7352","Monomer","LP27","C12","XXXXX","AMD","Synthetic","Gram+    Gram-    Fungus    Mammalian Cell","Lipid Bilayer"
"7358","Monomer","C12- Dermaseptin S4 (6-15)-AMD","C12","LLKKVLKAAA","AMD","Synthetic","Gram+    Gram-    Mammalian Cell","Lipid Bilayer"
"7360","Monomer","C12- Dermaseptin S4 (7-15) -AMD","C12","LKKVLKAAA","AMD","Synthetic","Gram+    Gram-    Mammalian Cell","Lipid Bilayer"
"7362","Monomer","C12- Dermaseptin S4 (8-15) -AMD","C12","KKVLKAAA","AMD","Synthetic","Gram+    Gram-    Mammalian Cell","Lipid Bilayer"
"7364","Monomer","C12- Dermaseptin S4 (9-15) -AMD","C12","KVLKAAA","AMD","Synthetic","Gram+    Gram-    Mammalian Cell","Lipid Bilayer"
"7533","Monomer","","C12","XXWW","AMD","Synthetic","Gram+    Gram-    Fungus    Mammalian Cell","Lipid Bilayer"
"8116","Monomer","C12-[KR5]","C12","KRRRRR","","Synthetic","Gram+    Gram-","Lipid Bilayer"
"8118","Monomer","C12-[KR6]","C12","KRRRRRR","","Synthetic","Gram+    Gram-","Lipid Bilayer"
"8119","Monomer","KR5","C12","KRRRRR","","Synthetic","Gram+    Gram-","Lipid Bilayer"
"8653","Monomer","","C12","RGRKVVRRKK","","Synthetic","Gram-    Mammalian Cell","Lipid Bilayer"
"8668","Monomer","","C12","RGRKVVRR","","Synthetic","",""
"8680","Monomer","","C12","RGRKGGRRKK","","Synthetic","Gram-    Mammalian Cell","Lipid Bilayer"
"8695","Monomer","","C12","RGRKGGRR","","Synthetic","",""
"9267","Monomer","","C12","KPV","AMD","Synthetic","Gram+    Gram-    Fungus","Lipid Bilayer"
"9273","Monomer","","C12","KpT","AMD","Synthetic","Gram+    Gram-    Fungus","Lipid Bilayer"
"9308","Monomer","","C12","CKK","AMD","Synthetic","",""
"9838","Monomer","","C12","KK","AMD","Synthetic","Gram+    Gram-    Fungus    Mammalian Cell","Lipid Bilayer"
"10003","Monomer","C12-Plantaricin 149a (10-19), C12-A2","C12","IKQVKKLFKK","AMD","Synthetic","Gram+    Gram-    Fungus    Mammalian Cell","Lipid Bilayer"
"10037","Monomer","","C12","XXC","AMD","Synthetic","Gram+    Gram-    Fungus    Mammalian Cell","Lipid Bilayer"
"10368","Monomer","","C12","KKK","AMD","Synthetic","Gram+    Gram-    Fungus    Mammalian Cell","Lipid Bilayer"
"10369","Monomer","","C12","KKKK","AMD","Synthetic","Gram+    Gram-    Fungus    Mammalian Cell","Lipid Bilayer"
"10370","Monomer","","C12","KG","AMD","Synthetic","Gram+    Gram-    Fungus    Mammalian Cell","Lipid Bilayer"
"10371","Monomer","","C12","KGK","AMD","Synthetic","Gram+    Gram-    Fungus    Mammalian Cell","Lipid Bilayer"
"10372","Monomer","","C12","KGKG","AMD","Synthetic","Gram+    Gram-    Fungus    Mammalian Cell","Lipid Bilayer"
"10569","Monomer","Anoplin [R5F,T8K]","C12","GLLKFIKKLL","AMD","Synthetic","Gram+    Gram-    Fungus    Mammalian Cell","Lipid Bilayer"
"10991","Monomer","","C12","XTXCXfXXXc","AMD","Synthetic","Gram+    Gram-","Lipid Bilayer"
"11020","Monomer","","C12","XKKK","AMD","Synthetic","Gram+    Gram-    Fungus    Mammalian Cell    Biofilm","Lipid Bilayer"
"11101","Monomer","","C12","PRPRPRP","AMD","Synthetic","Gram+    Gram-    Cancer    Mammalian Cell","Lipid Bilayer"
"11105","Monomer","","C12","PRPGPRP","AMD","Synthetic","Gram+    Gram-    Mammalian Cell","Lipid Bilayer"
"11109","Monomer","","C12","PRPLPRP","AMD","Synthetic","Gram+    Gram-    Mammalian Cell","Lipid Bilayer"
"11113","Monomer","","C12","PRPWPRP","AMD","Synthetic","Gram+    Gram-    Mammalian Cell","Lipid Bilayer"
"11116","Monomer","","C12","prprprp","AMD","Synthetic","Gram-","Lipid Bilayer"
"11722","Monomer","","C12","RXRXRXR","","Synthetic","",""
"11723","Monomer","","C12","RXRXRXRKK","","Synthetic","",""
"12105","Monomer","","C12","RRRR","AMD","Synthetic","Gram+    Gram-    Fungus    Mammalian Cell","Lipid Bilayer"
"12346","Monomer","","C12","KWKW","","Synthetic","Gram+    Gram-    Cancer    Mammalian Cell","Lipid Bilayer"
"12361","Monomer","","C12","KKXK","AMD","Synthetic","Gram+    Gram-    Mammalian Cell","Lipid Bilayer"
"12650","Monomer","","C12","RFWR","AMD","Synthetic","Gram+    Gram-","Lipid Bilayer"
"12652","Monomer","","C12","RAWR","AMD","Synthetic","Gram+    Gram-","Lipid Bilayer"
"12653","Monomer","","C12","RCWR","AMD","Synthetic","Gram+    Gram-","Lipid Bilayer"
"12654","Monomer","","C12","RGWR","AMD","Synthetic","Gram+    Gram-","Lipid Bilayer"
"12655","Monomer","","C12","RHWR","AMD","Synthetic","Gram+    Gram-","Lipid Bilayer"
"12656","Monomer","","C12","RIWR","AMD","Synthetic","Gram+    Gram-    Fungus    Mammalian Cell","Lipid Bilayer"
"12657","Monomer","","C12","RLWR","AMD","Synthetic","Gram+    Gram-","Lipid Bilayer"
"12658","Monomer","","C12","RMWR","AMD","Synthetic","Gram+    Gram-    Fungus","Lipid Bilayer"
"12659","Monomer","","C12","RRWR","AMD","Synthetic","Gram+    Gram-    Fungus","Lipid Bilayer"
"12660","Monomer","","C12","RSWR","AMD","Synthetic","Gram+    Gram-","Lipid Bilayer"
"12661","Monomer","","C12","RVWR","AMD","Synthetic","Gram+    Gram-","Lipid Bilayer"
"12662","Monomer","","C12","RRFWRR","AMD","Synthetic","Gram+    Gram-    Fungus","Lipid Bilayer"
"12663","Monomer","","C12","RRIWRR","AMD","Synthetic","Gram+    Gram-    Fungus    Mammalian Cell","Lipid Bilayer"
"12664","Monomer","","C12","RRFW","AMD","Synthetic","Gram+    Gram-    Fungus","Lipid Bilayer"
"12665","Monomer","","C12","RRIW","AMD","Synthetic","Gram+    Gram-    Fungus","Lipid Bilayer"
"13861","Monomer","Anoplin [K4,7k]","C12","GLLkRIkTLL","AMD","Synthetic","Gram+    Gram-    Mammalian Cell    Biofilm","Lipid Bilayer    DNA / RNA"
"14166","Monomer","","C12","KKC","AMD","Synthetic","",""
"14168","Monomer","","C12","KR","AMD","Synthetic","Gram+    Gram-","Lipid Bilayer"
"14282","Monomer","","C12","XKKK","AMD","Synthetic","Gram+    Gram-    Fungus    Mammalian Cell","Lipid Bilayer"
"14286","Monomer","","C12","XKKK","AMD","Synthetic","Gram+    Gram-    Fungus    Mammalian Cell","Lipid Bilayer"
"14387","Monomer","","C12","RKWWK","AMD","Synthetic","Gram+    Gram-","Lipid Bilayer"
"14414","Monomer","LF11-322","C12","PFWRIRIRR","AMD","Synthetic","Gram+    Gram-    Mammalian Cell","Lipid Bilayer"
"14417","Monomer","LF11 [Q2,4Del,N6R,I7F,R8W,K9R,V10Del]","C12","FWRRFWRR","AMD","Synthetic","Gram+    Gram-    Mammalian Cell","Lipid Bilayer"
"14669","Monomer","","C12","ELR","AMD","Synthetic","Gram+    Gram-    Mammalian Cell",""
"14673","Monomer","","C12","CGCQLR","AMD","Synthetic","Gram+    Gram-    Mammalian Cell",""
"14903","Monomer","","C12","RR","AMD","Synthetic","Gram+    Gram-    Fungus    Mammalian Cell","Lipid Bilayer"
"14911","Monomer","","C12","FRR","AMD","Synthetic","Gram+    Gram-    Fungus    Mammalian Cell","Lipid Bilayer"
"14913","Monomer","","C12","GRR","AMD","Synthetic","Gram+    Gram-    Fungus    Mammalian Cell","Lipid Bilayer"
"14916","Monomer","","C12","IRR","AMD","Synthetic","Gram+    Gram-    Fungus    Mammalian Cell","Lipid Bilayer"
"14919","Monomer","","C12","LRR","AMD","Synthetic","Gram+    Gram-    Fungus    Mammalian Cell","Lipid Bilayer"
"14921","Monomer","","C12","MRR","AMD","Synthetic","Gram+    Gram-    Fungus    Mammalian Cell","Lipid Bilayer"
"14927","Monomer","","C12","XRR","AMD","Synthetic","Gram+    Gram-    Fungus    Mammalian Cell","Lipid Bilayer"
"14929","Monomer","","C12","XRR","AMD","Synthetic","Gram+    Gram-    Fungus    Mammalian Cell","Lipid Bilayer"
"14931","Monomer","","C12","PRR","AMD","Synthetic","Gram+    Gram-    Fungus    Mammalian Cell","Lipid Bilayer"
"14934","Monomer","C12-R3","C12","RRR","AMD","Synthetic","Gram+    Gram-    Fungus    Mammalian Cell","Lipid Bilayer"
"14936","Monomer","","C12","TRR","AMD","Synthetic","Gram+    Gram-    Fungus    Mammalian Cell","Lipid Bilayer"
"14938","Monomer","","C12","VRR","AMD","Synthetic","Gram+    Gram-    Fungus    Mammalian Cell","Lipid Bilayer"
"14941","Monomer","C12-W1","C12","WRR","AMD","Synthetic","Gram+    Gram-    Fungus    Mammalian Cell","Lipid Bilayer"
"14943","Monomer","","C12","YRR","AMD","Synthetic","Gram+    Gram-    Fungus    Mammalian Cell","Lipid Bilayer"
"15568","Monomer","","C12","KKWK","","Synthetic","Virus","Virus replication    Virus entry    gpHA"
"15569","Monomer","","C12","NKKN","","Synthetic","Virus","Virus replication    Virus entry    gpHA"
"15823","Monomer","C12K5","C12","KKKKK","","Synthetic","Gram+    Gram-    Fungus",""
"16083","Monomer","Anoplin [L3Meth-Leu, I6Meth-Ile]","C12","GLXKRXKTLL","AMD","Synthetic","Gram+    Gram-    Mammalian Cell","Lipid Bilayer"
"16084","Monomer","Anoplin [K4,7Meth-Lys]","C12","GLLXRIXTLL","AMD","Synthetic","Gram+    Gram-    Mammalian Cell","Lipid Bilayer"
"16085","Monomer","Anoplin [R5Meth-Arg, K7Meth-Lys]","C12","GLLKXIXTLL","AMD","Synthetic","Gram+    Gram-    Mammalian Cell","Lipid Bilayer"
"16091","Monomer","Anoplin","C12","GLLKRIKTLL","AMD","Ribosomal","Gram+    Gram-    Mammalian Cell","Lipid Bilayer"
"16551","Monomer","Dodeca-(ARG)8","C12","wrrrrrrrrG","AMD","Synthetic","Virus","Virus replication"
"16815","Monomer","Polymyxin CAMP113","C12","XTXCXfXRXc","","Synthetic","Gram+    Cancer","Lipid Bilayer"
"16816","Monomer","Polymyxin CAMP207","C12","XTXCXxXXXc","","Synthetic","Gram+    Cancer","Lipid Bilayer"
"16851","Monomer","","C12","fXXL","","Synthetic","Gram+    Gram-    Mammalian Cell","Lipid Bilayer"
"17734","Monomer","C12-R1","C12","RWW","AMD","Synthetic","Gram+    Gram-    Mammalian Cell","Lipid Bilayer"
"17740","Monomer","C12-R2","C12","RRW","AMD","Synthetic","Gram+    Gram-    Mammalian Cell","Lipid Bilayer"
"17783","Monomer","C12-W1R2","C12","RWR","AMD","Synthetic","Gram+    Gram-    Mammalian Cell","Lipid Bilayer"
"17844","Monomer","","C12","KLFK","AMD","Synthetic","Gram+    Gram-    Fungus    Mammalian Cell","Lipid Bilayer"
"17850","Monomer","","C12","KLFKKLFK","AMD","Synthetic","Gram+    Gram-    Fungus    Mammalian Cell","Lipid Bilayer"
"18095","Monomer","","C12","XXXX","AMD","Synthetic","Gram+    Gram-    Fungus    Mammalian Cell","Lipid Bilayer"
"18100","Monomer","","C12","XXXXX","AMD","Synthetic","Gram+    Gram-    Fungus    Mammalian Cell","Lipid Bilayer"
"18267","Monomer","KR-10 [V4W]","C12","KRIWQRIKDF","AMD","Synthetic","Gram+    Gram-    Mammalian Cell","Lipid Bilayer"
"18268","Monomer","KR-8 [V4W]","C12","KRIWQRIK","AMD","Synthetic","Gram+    Gram-    Mammalian Cell","Lipid Bilayer"
"18269","Monomer","KR-6 [V4W]","C12","KRIWQR","AMD","Synthetic","Gram+    Gram-    Mammalian Cell","Lipid Bilayer"
"18270","Monomer","KR-4 [V4W]","C12","KRIW","AMD","Synthetic","Gram+    Gram-    Mammalian Cell","Lipid Bilayer"
"18794","Monomer","12-(Arg)4-12","C12","RRRR","C12H25-NH2","Synthetic","Gram+    Gram-    Cancer    Fungus    Biofilm","Lipid Bilayer"
"18795","Monomer","12-(Lys)4-12","C12","KKKK","C12H25-NH2","Synthetic","Gram+    Gram-    Cancer    Fungus    Biofilm","Lipid Bilayer"
"18796","Monomer","12-(His)4-12","C12","HHHH","C12H25-NH2","Synthetic","Gram+    Gram-    Cancer    Fungus    Biofilm","Lipid Bilayer"
"18853","Monomer","Carnosine","C12","XH","","Synthetic","Gram+    Gram-    Fungus    Mammalian Cell",""
"19167","Monomer","Colisporifungin","C12","QTXwSf","","Nonribosomal","Fungus","Lipid Bilayer"
"19307","Monomer","","C12","IKIKIKIK","AMD","Synthetic","Fungus","Lipid Bilayer"
"19630","Monomer","","C12","RIWR","","Synthetic","Gram+    Gram-","Lipid Bilayer"
"19894","Monomer","Stephensiolide K","C12","TsSiI","","Nonribosomal","Gram+","Lipid Bilayer"
"19931","Monomer","Stephensiolide I","C12","TsSvI","","Nonribosomal","Gram+","Lipid Bilayer"
"19932","Monomer","Stephensiolide G","C12","TsSvV","","Nonribosomal","Gram+","Lipid Bilayer"
"20426","Monomer","Anoplin","C12","GLLKRIKTLL","","Ribosomal","",""
"20993","Monomer","Arylomycin A3","C12","xaGXAY","","Nonribosomal","Gram+    Gram-    Fungus","Membrane Protein"
"20998","Monomer","Arylomycin B3","C12","xaGXAX","","Nonribosomal","Gram+    Gram-    Fungus","Membrane Protein"
"22083","Monomer","","C12","PRPRPPR","Spr","Synthetic","Gram+    Gram-    Cancer    Mammalian Cell","Cytoplasmic Protein"
"23369","Monomer","","C12","KRKK","AMD","Synthetic","Gram+    Gram-    Fungus    Mammalian Cell","Lipid Bilayer"
"23497","Monomer","","C12","XKXK","AMD","Synthetic","Gram+    Gram-    Fungus    Mammalian Cell","Lipid Bilayer"
"23499","Monomer","","C12","XKXK","AMD","Synthetic","Gram+    Gram-    Fungus    Mammalian Cell","Lipid Bilayer"
"23501","Monomer","","C12","XRXR","AMD","Synthetic","Gram+    Gram-    Fungus    Mammalian Cell","Lipid Bilayer"
"23503","Monomer","","C12","XKXK","AMD","Synthetic","Gram+    Gram-    Fungus    Mammalian Cell","Lipid Bilayer"
"23902","Monomer","MG01","C12","KLLK","AMD","Synthetic","Gram+    Gram-    Cancer    Fungus    Mammalian Cell","Lipid Bilayer"
"23905","Monomer","MG05","C12","XXXX","AMD","Synthetic","Gram+    Gram-    Cancer    Fungus    Mammalian Cell","Lipid Bilayer"
"24342","Monomer","Lys-tBu-βAc6c","C12","KX","PEA","Synthetic","Gram+    Gram-    Mammalian Cell    Biofilm","Lipid Bilayer"
"24343","Monomer","Orn-tBu-βAc6c","C12","XX","PEA","Ribosomal","Gram+    Gram-",""
"24344","Monomer","Arg-tBu-βAc6c","C12","RX","PEA","Ribosomal","Gram+    Gram-    Mammalian Cell    Biofilm","Lipid Bilayer"
"24666","Monomer","Lariat-like peptide 30-SL003'","C12","sKaIvKIfl","","Synthetic","",""