Peptide ID,N TERMINUS,SEQUENCE,C TERMINUS,Normalized Hydrophobic Moment,Normalized Hydrophobicity,Net Charge,Isoelectric Point,Penetration Depth,Tilt Angle,Disordered Conformation Propensity,Linear Moment,Propensity to in vitro Aggregation,Angle Subtended by the Hydrophobic Residues,Amphiphilicity Index,Propensity to PPII coil,logP,logD,sequence           pH    npol_c0    Fmin_c0    npol_c1    Fmin_c1    npol_c2    Fmin_c2   npol_min   Fmin_all curv_min
837,C12,KLlK,AMD,2.91,0.05,2.0,14.00,15,90,-0.27,0.50,0.00,200.00,1.84,0.85,1.380400000000007,-5.699850467677382,
858,C12,KAaK,AMD,2.27,1.05,2.0,14.00,30,90,-0.58,0.50,0.00,200.00,1.84,0.91,-0.6719999999999988,-7.752250467677388,
6200,C12,KLLK,,2.91,0.05,1.0,10.69,15,90,-0.27,0.50,0.00,200.00,1.84,0.85,1.9797000000000098,-8.600687781941037,
7298,C12,X,AMD,,,,,,,,,,,,,,,
7319,C12,XX,AMD,,,,,,,,,,,,,,,
7340,C12,XXX,AMD,,,,,,,,,,,,,,,
7346,C12,XXXX,AMD,,,,,,,,,,,,,,,
7533,C12,XXWW,AMD,,,,,,,,,,,,,,,
9267,C12,KPV,AMD,2.72,0.43,1.0,14.00,30,117,-0.23,0.57,0.00,130.00,1.22,1.36,0.8366000000000069,-2.7035252338386875,
9273,C12,KpT,AMD,1.08,2.07,1.0,14.00,30,116,-0.73,0.00,0.00,0.00,1.22,1.38,0.16070000000000723,-3.379425233838687,
9308,C12,CKK,AMD,2.43,1.77,2.0,10.85,30,64,-0.97,0.50,0.00,130.00,2.45,1.04,0.299000000000008,-6.799392327422726,
9838,C12,KK,AMD,,,,,,,,,,,,,0.8844000000000058,-6.195850467677383,
10037,C12,XXC,AMD,,,,,,,,,,,,,,,
10367,C12,K,AMD,,,,,,,,,,,,,1.2706000000000015,-2.269525233838693,
10368,C12,KKK,AMD,0.85,3.90,3.0,14.00,30,90,-1.97,0.00,0.00,0.00,3.67,0.91,0.49820000000000864,-10.122175701516074,
10369,C12,KKKK,AMD,0.44,3.90,4.0,14.00,30,90,-1.97,0.00,0.00,0.00,3.67,0.91,0.11199999999999494,-14.048500935354783,
10370,C12,KG,AMD,,,,,,,,,,,,,0.386800000000004,-3.1533252338386903,
10371,C12,KGK,AMD,0.32,2.73,2.0,14.00,30,90,-1.27,0.00,0.00,0.00,2.45,0.74,0.0006000000000058736,-7.079650467677383,
10372,C12,KGKG,AMD,0.33,2.15,2.0,14.00,30,146,-0.92,0.00,0.00,0.00,1.84,0.66,-0.8831999999999964,-7.963450467677385,
11020,C12,XKKK,AMD,,,,,,,,,,,,,,,
12105,C12,RRRR,AMD,0.50,4.50,4.0,14.00,30,127,-2.15,0.00,0.00,0.00,2.45,1.04,-3.5605900000000243,-25.480595752327254,
12346,C12,KWKW,,0.33,2.40,1.0,10.69,15,146,-1.00,0.00,0.00,0.00,5.30,0.99,3.901300000000009,-6.679087781941038,
12361,C12,KKXK,AMD,,,,,,,,,,,,,,,
12650,C12,RFWR,AMD,2.36,1.77,2.0,14.00,15,91,-0.81,0.59,0.00,100.00,2.96,1.04,0.8795700000000057,-10.08043287616361,
12652,C12,RAWR,AMD,2.16,2.03,2.0,14.00,15,90,-0.89,0.59,0.00,100.00,2.96,1.01,-0.6993600000000042,-11.65936287616362,
12653,C12,RCWR,AMD,2.30,1.85,2.0,12.10,16,95,-0.83,0.59,0.00,100.00,2.96,1.12,-0.4333299999999995,-11.411474735908962,
12654,C12,RGWR,AMD,1.74,2.58,2.0,14.00,16,95,-1.06,0.00,0.00,0.00,2.96,0.89,-0.7317300000000007,-11.691732876163616,
12655,C12,RHWR,AMD,1.36,3.27,2.0,14.00,18,103,-1.27,0.00,0.00,0.00,3.32,1.06,-0.3973300000000017,-11.402518040295114,
12656,C12,RIWR,AMD,2.73,1.35,2.0,14.00,14,86,-0.68,0.59,0.00,100.00,2.96,1.03,0.32683999999999847,-10.633162876163617,
12657,C12,RLWR,AMD,2.58,1.52,2.0,14.00,15,89,-0.73,0.59,0.00,100.00,2.96,0.99,0.32683999999999847,-10.633162876163617,
12658,C12,RMWR,AMD,2.18,2.00,2.0,14.00,15,90,-0.88,0.59,0.00,100.00,2.96,1.02,0.38143999999999895,-10.578562876163616,
12659,C12,RRWR,AMD,1.28,3.60,3.0,14.00,17,99,-1.62,0.00,0.00,0.00,3.57,1.05,-1.0998600000000076,-17.53986431424543,
12660,C12,RSWR,AMD,1.68,2.68,2.0,14.00,17,99,-1.09,0.00,0.00,0.00,2.96,1.11,-0.7715300000000005,-11.731532876163616,
12661,C12,RVWR,AMD,2.66,1.43,2.0,14.00,14,88,-0.70,0.59,0.00,100.00,2.96,1.04,-0.06326000000000348,-11.023262876163619,
12664,C12,RRFW,AMD,2.05,1.77,2.0,14.00,15,133,-0.81,0.59,0.00,100.00,2.96,1.04,0.8795699999999951,-10.08043287616362,
12665,C12,RRIW,AMD,2.47,1.35,2.0,14.00,14,126,-0.68,0.59,0.00,100.00,2.96,1.03,0.3268399999999946,-10.63316287616362,
14166,C12,KKC,AMD,2.43,1.77,2.0,10.69,30,116,-0.97,0.50,0.00,130.00,2.45,1.04,0.29900000000000754,-6.799392327422727,
14168,C12,KR,AMD,,,,,,,,,,,,,-0.1909999999999944,-9.211126671920496,
14282,C12,XKKK,AMD,,,,,,,,,,,,,,,
14286,C12,XKKK,AMD,,,,,,,,,,,,,,,
14669,C12,ELR,AMD,1.76,1.40,0.0,10.50,18,102,-0.19,0.52,0.00,100.00,1.24,0.86,-0.28042999999999313,-8.690941390094652,
14903,C12,RR,AMD,,,,,,,,,,,,,-1.0567299999999946,-12.01673287616361,
14911,C12,FRR,AMD,2.78,2.07,2.0,14.00,17,59,-1.06,0.50,0.00,130.00,1.63,1.03,-0.32922999999999875,-11.289232876163615,
14913,C12,GRR,AMD,1.81,3.13,2.0,14.00,30,64,-1.39,0.00,0.00,0.00,1.63,0.83,-1.9405300000000034,-12.90053287616362,
14916,C12,IRR,AMD,3.31,1.50,2.0,14.00,15,59,-0.89,0.50,0.00,130.00,1.63,1.02,-0.8819600000000012,-11.841962876163617,
14919,C12,LRR,AMD,3.09,1.73,2.0,14.00,16,60,-0.96,0.50,0.00,130.00,1.63,0.96,-0.8819600000000012,-11.841962876163617,
14921,C12,MRR,AMD,2.50,2.37,2.0,14.00,18,59,-1.16,0.50,0.00,130.00,1.63,1.01,-0.8273599999999997,-11.787362876163616,
14927,C12,XRR,AMD,,,,,,,,,,,,,,,
14929,C12,XRR,AMD,,,,,,,,,,,,,,,
14931,C12,PRR,AMD,1.49,3.53,2.0,14.00,30,123,-1.52,0.00,0.00,0.00,1.63,1.42,-1.1472300000000009,-12.107232876163616,
14934,C12,RRR,AMD,0.98,4.50,3.0,14.00,30,90,-2.15,0.00,0.00,0.00,2.45,1.04,-2.3086600000000113,-18.748664314245435,
14936,C12,TRR,AMD,1.73,3.23,2.0,14.00,30,65,-1.43,0.00,0.00,0.00,1.63,1.05,-1.9479600000000046,-12.90796287616362,
14938,C12,VRR,AMD,3.22,1.60,2.0,14.00,30,60,-0.92,0.50,0.00,130.00,1.63,1.03,-1.2720600000000024,-12.232062876163617,
14941,C12,WRR,AMD,1.68,3.30,2.0,14.00,16,60,-1.45,0.00,0.00,0.00,3.94,1.05,0.1520700000000047,-10.80793287616361,
14943,C12,YRR,AMD,1.57,3.43,2.0,12.10,18,59,-1.49,0.00,0.00,0.00,3.32,1.08,-0.024329999999992247,-10.984470190427267,
15568,C12,KKWK,,1.08,3.15,2.0,10.98,21,104,-1.48,0.00,0.00,0.00,4.49,0.95,2.3063000000000087,-11.814213015779734,
15569,C12,NKKN,,0.26,3.70,1.0,10.68,30,90,-1.40,0.00,0.00,0.00,1.84,0.98,-1.7959000000000085,-12.376287781941055,
16851,C12,fXXL,,,,,,,,,,,,,,,,
17734,C12,RWW,AMD,1.18,2.10,1.0,14.00,14,119,-0.74,0.00,0.00,0.00,5.44,1.06,2.612800000000007,-2.8672014380818007,
17740,C12,RRW,AMD,1.68,3.30,2.0,14.00,16,120,-1.45,0.00,0.00,0.00,3.94,1.05,0.15207000000000293,-10.807932876163612,
17783,C12,RWR,AMD,0.22,3.30,2.0,14.00,17,90,-1.45,0.00,0.00,0.00,3.94,1.05,0.15207000000000703,-10.807932876163608,
17844,C12,KLFK,AMD,2.76,0.30,2.0,14.00,16,88,-0.35,0.52,0.00,200.00,1.84,0.90,1.5770000000000095,-5.503250467677379,
18095,C12,XXXX,AMD,,,,,,,,,,,,,,,
18270,C12,KRIW,AMD,2.34,1.20,2.0,14.00,14,129,-0.63,0.60,0.00,100.00,3.26,1.00,1.192570000000001,-7.827556671920502,
18794,C12,RRRR,C12H25-NH2,0.50,4.50,3.0,12.57,30,127,-2.15,0.00,0.00,0.00,2.45,1.04,-2.961290000000025,-28.381433066590915,
18795,C12,KKKK,C12H25-NH2,0.44,3.90,3.0,11.15,30,90,-1.97,0.00,0.00,0.00,3.67,0.91,0.7112999999999994,-16.94933824961844,
18796,C12,HHHH,C12H25-NH2,0.36,3.20,-1.0,7.84,30,80,-0.75,0.00,0.00,0.00,1.45,1.07,0.05850000000000888,-3.622377970789635,
18853,C12,XH,,,,,,,,,,,,,,,,
19630,C12,RIWR,,2.73,1.35,1.0,12.10,14,86,-0.68,0.59,0.00,100.00,2.96,1.03,0.9261400000000024,-13.534000190427273,
23369,C12,KRKK,AMD,,,,,,,,,,,,,-0.9634000000000094,-17.063777139597903,
23497,C12,XKXK,AMD,,,,,,,,,,,,,,,
23499,C12,XKXK,AMD,,,,,,,,,,,,,,,
23501,C12,XRXR,AMD,,,,,,,,,,,,,,,
23503,C12,XKXK,AMD,,,,,,,,,,,,,,,
23902,C12,KLLK,AMD,,,,,,,,,,,,,1.380400000000007,-5.699850467677382,
23905,C12,XXXX,AMD,,,,,,,,,,,,,,,
23916,C12,X,C3H7-NH2,,,,,,,,,,,,,,,
23923,C12,K,C3H7-NH2,,,,,,,,,,,,,1.8699000000000006,-5.170362548102353,
23928,C12,R,C3H7-NH2,,,,,,,,,,,,,0.7945000000000042,-8.185638752345461,
